title,url,price,User-Agent
Sideways Polished Cross,https://www.mydailystyles.com/collections/best-selling/products/ab616,$19.99,"Mozilla/5.0 (Windows NT 10.0; Win64; x64) AppleWebKit/537.36 (KHTML, like Gecko) Chrome/68.0.3440.106 Safari/537.36"
Absolute Evil Eye Necklace,https://www.mydailystyles.com/collections/best-selling/products/asl348,$25.99,"Mozilla/5.0 (Windows NT 10.0; Win64; x64) AppleWebKit/537.36 (KHTML, like Gecko) Chrome/68.0.3440.106 Safari/537.36"
Hebrew Prayer Ring Band,https://www.mydailystyles.com/collections/best-selling/products/at1374,$17.99,"Mozilla/5.0 (Windows NT 10.0; Win64; x64) AppleWebKit/537.36 (KHTML, like Gecko) Chrome/68.0.3440.106 Safari/537.36"
Bezel White Set Pendant,https://www.mydailystyles.com/collections/best-selling/products/ab602a,$17.99,"Mozilla/5.0 (Windows NT 10.0; Win64; x64) AppleWebKit/537.36 (KHTML, like Gecko) Chrome/68.0.3440.106 Safari/537.36"
Silver Cross Infinity Pendant,https://www.mydailystyles.com/collections/best-selling/products/asl1105,$24.99,"Mozilla/5.0 (Windows NT 10.0; Win64; x64) AppleWebKit/537.36 (KHTML, like Gecko) Chrome/68.0.3440.106 Safari/537.36"
Song of Songs Ring Band,https://www.mydailystyles.com/collections/best-selling/products/at1391,$17.99,"Mozilla/5.0 (Windows NT 10.0; Win64; x64) AppleWebKit/537.36 (KHTML, like Gecko) Chrome/68.0.3440.106 Safari/537.36"
Bezel Gold Set Pendant,https://www.mydailystyles.com/collections/best-selling/products/ab602b,$17.99,"Mozilla/5.0 (Windows NT 10.0; Win64; x64) AppleWebKit/537.36 (KHTML, like Gecko) Chrome/68.0.3440.106 Safari/537.36"
Horizon Sun Pendant,https://www.mydailystyles.com/collections/best-selling/products/asl741,$19.99,"Mozilla/5.0 (Windows NT 10.0; Win64; x64) AppleWebKit/537.36 (KHTML, like Gecko) Chrome/68.0.3440.106 Safari/537.36"
Frosted Evil Eye Pendant,https://www.mydailystyles.com/collections/best-selling/products/asl458,$25.99,"Mozilla/5.0 (Windows NT 10.0; Win64; x64) AppleWebKit/537.36 (KHTML, like Gecko) Chrome/68.0.3440.106 Safari/537.36"
Evil Eye Hamsa White Blue CZ Pendant Necklace,https://www.mydailystyles.com/collections/best-selling/products/asl745,$19.99,"Mozilla/5.0 (Windows NT 10.0; Win64; x64) AppleWebKit/537.36 (KHTML, like Gecko) Chrome/68.0.3440.106 Safari/537.36"
Hamsa Eye Chain Necklace,https://www.mydailystyles.com/collections/best-selling/products/asl451,$24.99,"Mozilla/5.0 (Windows NT 10.0; Win64; x64) AppleWebKit/537.36 (KHTML, like Gecko) Chrome/68.0.3440.106 Safari/537.36"
Wasp Bug Pendant,https://www.mydailystyles.com/collections/best-selling/products/asl1010,$19.99,"Mozilla/5.0 (Windows NT 10.0; Win64; x64) AppleWebKit/537.36 (KHTML, like Gecko) Chrome/68.0.3440.106 Safari/537.36"
Bezel Rose Set Pendant,https://www.mydailystyles.com/collections/best-selling/products/ab602c,$17.99,"Mozilla/5.0 (Windows NT 10.0; Win64; x64) AppleWebKit/537.36 (KHTML, like Gecko) Chrome/68.0.3440.106 Safari/537.36"
Hamsa Filigree Pendant Silver,https://www.mydailystyles.com/collections/best-selling/products/asl752,$29.99,"Mozilla/5.0 (Windows NT 10.0; Win64; x64) AppleWebKit/537.36 (KHTML, like Gecko) Chrome/68.0.3440.106 Safari/537.36"
Unisex Star of David Pendant,https://www.mydailystyles.com/collections/best-selling/products/asl877,$19.99,"Mozilla/5.0 (Windows NT 10.0; Win64; x64) AppleWebKit/537.36 (KHTML, like Gecko) Chrome/68.0.3440.106 Safari/537.36"
Cross Infinity Y Necklace,https://www.mydailystyles.com/collections/best-selling/products/asl1103,$24.99,"Mozilla/5.0 (Windows NT 10.0; Win64; x64) AppleWebKit/537.36 (KHTML, like Gecko) Chrome/68.0.3440.106 Safari/537.36"
Hip-Hop Cocktail Ring,https://www.mydailystyles.com/collections/best-selling/products/asl1419,$39.99,"Mozilla/5.0 (Windows NT 10.0; Win64; x64) AppleWebKit/537.36 (KHTML, like Gecko) Chrome/68.0.3440.106 Safari/537.36"
"925 Sterling Silver Simulated Blue Opal Religious Cross Pendant Necklace, 18""",https://www.mydailystyles.com/collections/best-selling/products/asl1952,$39.99,"Mozilla/5.0 (Windows NT 10.0; Win64; x64) AppleWebKit/537.36 (KHTML, like Gecko) Chrome/68.0.3440.106 Safari/537.36"
Hebrew Psalm Ring Band,https://www.mydailystyles.com/collections/best-selling/products/at1375,$17.99,"Mozilla/5.0 (Windows NT 10.0; Win64; x64) AppleWebKit/537.36 (KHTML, like Gecko) Chrome/68.0.3440.106 Safari/537.36"
Attached at Heart Pendant,https://www.mydailystyles.com/collections/best-selling/products/asl581,$25.99,"Mozilla/5.0 (Windows NT 10.0; Win64; x64) AppleWebKit/537.36 (KHTML, like Gecko) Chrome/68.0.3440.106 Safari/537.36"
Blue Two-Sided Evil Eye,https://www.mydailystyles.com/collections/best-selling/products/asl827,$17.99,"Mozilla/5.0 (Windows NT 10.0; Win64; x64) AppleWebKit/537.36 (KHTML, like Gecko) Chrome/68.0.3440.106 Safari/537.36"
Crowning Moon Pendant,https://www.mydailystyles.com/collections/best-selling/products/asl742,$24.99,"Mozilla/5.0 (Windows NT 10.0; Win64; x64) AppleWebKit/537.36 (KHTML, like Gecko) Chrome/68.0.3440.106 Safari/537.36"
Shimmering Star Pendant,https://www.mydailystyles.com/collections/best-selling/products/asl215,$19.99,"Mozilla/5.0 (Windows NT 10.0; Win64; x64) AppleWebKit/537.36 (KHTML, like Gecko) Chrome/68.0.3440.106 Safari/537.36"
Cupid's Arrow Pendant,https://www.mydailystyles.com/collections/best-selling/products/asl397a,$14.99,"Mozilla/5.0 (Windows NT 10.0; Win64; x64) AppleWebKit/537.36 (KHTML, like Gecko) Chrome/68.0.3440.106 Safari/537.36"
Evil Eye Pride Studs,https://www.mydailystyles.com/collections/best-selling/products/asl407,$29.99,"Mozilla/5.0 (Windows NT 10.0; Win64; x64) AppleWebKit/537.36 (KHTML, like Gecko) Chrome/68.0.3440.106 Safari/537.36"
Yin Yang Midnight Pendant,https://www.mydailystyles.com/collections/best-selling/products/asl472,$24.99,"Mozilla/5.0 (Windows NT 10.0; Win64; x64) AppleWebKit/537.36 (KHTML, like Gecko) Chrome/68.0.3440.106 Safari/537.36"
White Blue Turquoise-Tone Simulated Opal Yin and Yang Pendant Necklace,https://www.mydailystyles.com/collections/best-selling/products/asl879,$25.99,"Mozilla/5.0 (Windows NT 10.0; Win64; x64) AppleWebKit/537.36 (KHTML, like Gecko) Chrome/68.0.3440.106 Safari/537.36"
Blue Diamond Tipped Star,https://www.mydailystyles.com/collections/best-selling/products/asl870,$17.99,"Mozilla/5.0 (Windows NT 10.0; Win64; x64) AppleWebKit/537.36 (KHTML, like Gecko) Chrome/68.0.3440.106 Safari/537.36"
Silver Ear Crawlers,https://www.mydailystyles.com/collections/best-selling/products/asl942,$17.99,"Mozilla/5.0 (Windows NT 10.0; Win64; x64) AppleWebKit/537.36 (KHTML, like Gecko) Chrome/68.0.3440.106 Safari/537.36"
925 Sterling Silver Om Aum Ohm Yoga Pendant Necklace,https://www.mydailystyles.com/collections/best-selling/products/asl1063,$24.99,"Mozilla/5.0 (Windows NT 10.0; Win64; x64) AppleWebKit/537.36 (KHTML, like Gecko) Chrome/68.0.3440.106 Safari/537.36"
Written Love Pendant,https://www.mydailystyles.com/collections/best-selling/products/ab571,$19.99,"Mozilla/5.0 (Windows NT 10.0; Win64; x64) AppleWebKit/537.36 (KHTML, like Gecko) Chrome/68.0.3440.106 Safari/537.36"
Super Infinity Pendant,https://www.mydailystyles.com/collections/best-selling/products/asl209,$25.99,"Mozilla/5.0 (Windows NT 10.0; Win64; x64) AppleWebKit/537.36 (KHTML, like Gecko) Chrome/68.0.3440.106 Safari/537.36"
Cross Huggie Hoops,https://www.mydailystyles.com/collections/best-selling/products/asl547,$29.99,"Mozilla/5.0 (Windows NT 10.0; Win64; x64) AppleWebKit/537.36 (KHTML, like Gecko) Chrome/68.0.3440.106 Safari/537.36"
Yellow Gold-Tone White Blue Bezel-Set CZ Evil Eye Tennis Bracelet,https://www.mydailystyles.com/collections/best-selling/products/asl818,$59.99,"Mozilla/5.0 (Windows NT 10.0; Win64; x64) AppleWebKit/537.36 (KHTML, like Gecko) Chrome/68.0.3440.106 Safari/537.36"
Sterling Silver Evil Eye Hamsa White Blue CZ Womens Pendant Necklace,https://www.mydailystyles.com/collections/best-selling/products/asl393,$19.99,"Mozilla/5.0 (Windows NT 10.0; Win64; x64) AppleWebKit/537.36 (KHTML, like Gecko) Chrome/68.0.3440.106 Safari/537.36"
Tiny Opal Cross Pendant,https://www.mydailystyles.com/collections/best-selling/products/asl770,$20.99,"Mozilla/5.0 (Windows NT 10.0; Win64; x64) AppleWebKit/537.36 (KHTML, like Gecko) Chrome/68.0.3440.106 Safari/537.36"
Women's Heartbeat Pendant Silver,https://www.mydailystyles.com/collections/best-selling/products/asl813,$25.99,"Mozilla/5.0 (Windows NT 10.0; Win64; x64) AppleWebKit/537.36 (KHTML, like Gecko) Chrome/68.0.3440.106 Safari/537.36"
White Bar Pendant,https://www.mydailystyles.com/collections/best-selling/products/asl1051,$19.99,"Mozilla/5.0 (Windows NT 10.0; Win64; x64) AppleWebKit/537.36 (KHTML, like Gecko) Chrome/68.0.3440.106 Safari/537.36"
A Charm Pendant,https://www.mydailystyles.com/collections/best-selling/products/asl1069,$48.99,"Mozilla/5.0 (Windows NT 10.0; Win64; x64) AppleWebKit/537.36 (KHTML, like Gecko) Chrome/68.0.3440.106 Safari/537.36"
925 Sterling Silver Yellow Gold-Tone White Clear CZ Evil Eye Pendant Necklace,https://www.mydailystyles.com/collections/best-selling/products/asl1123,$20.99,"Mozilla/5.0 (Windows NT 10.0; Win64; x64) AppleWebKit/537.36 (KHTML, like Gecko) Chrome/68.0.3440.106 Safari/537.36"
Shining Tear Pendant,https://www.mydailystyles.com/collections/best-selling/products/asl1129,$37.99,"Mozilla/5.0 (Windows NT 10.0; Win64; x64) AppleWebKit/537.36 (KHTML, like Gecko) Chrome/68.0.3440.106 Safari/537.36"
Elegant Allah Pendant,https://www.mydailystyles.com/collections/best-selling/products/asl1235,$19.99,"Mozilla/5.0 (Windows NT 10.0; Win64; x64) AppleWebKit/537.36 (KHTML, like Gecko) Chrome/68.0.3440.106 Safari/537.36"
Double Protection Pendant,https://www.mydailystyles.com/collections/best-selling/products/asl1392,$24.99,"Mozilla/5.0 (Windows NT 10.0; Win64; x64) AppleWebKit/537.36 (KHTML, like Gecko) Chrome/68.0.3440.106 Safari/537.36"
Feather Charm Necklace,https://www.mydailystyles.com/collections/best-selling/products/asl1047,$25.99,"Mozilla/5.0 (Windows NT 10.0; Win64; x64) AppleWebKit/537.36 (KHTML, like Gecko) Chrome/68.0.3440.106 Safari/537.36"
Classic Allah Pendant,https://www.mydailystyles.com/collections/best-selling/products/asl1236,$19.99,"Mozilla/5.0 (Windows NT 10.0; Win64; x64) AppleWebKit/537.36 (KHTML, like Gecko) Chrome/68.0.3440.106 Safari/537.36"
Suncatcher Green Pendant,https://www.mydailystyles.com/collections/best-selling/products/asl805,$31.99,"Mozilla/5.0 (Windows NT 10.0; Win64; x64) AppleWebKit/537.36 (KHTML, like Gecko) Chrome/68.0.3440.106 Safari/537.36"
"Clear White CZ Classic Bridal Pendant Necklace Stud Drop Earrings Set, 18""",https://www.mydailystyles.com/collections/best-selling/products/asl1496,$39.99,"Mozilla/5.0 (Windows NT 10.0; Win64; x64) AppleWebKit/537.36 (KHTML, like Gecko) Chrome/68.0.3440.106 Safari/537.36"
Crawling Iguana Pendant,https://www.mydailystyles.com/collections/best-selling/products/asl809,$25.99,"Mozilla/5.0 (Windows NT 10.0; Win64; x64) AppleWebKit/537.36 (KHTML, like Gecko) Chrome/68.0.3440.106 Safari/537.36"
Bezel Drop Earrings,https://www.mydailystyles.com/collections/best-selling/products/asl1382,$17.99,"Mozilla/5.0 (Windows NT 10.0; Win64; x64) AppleWebKit/537.36 (KHTML, like Gecko) Chrome/68.0.3440.106 Safari/537.36"
Sky Blue Evil Eye Pendant,https://www.mydailystyles.com/collections/best-selling/products/asl180,$15.99,"Mozilla/5.0 (Windows NT 10.0; Win64; x64) AppleWebKit/537.36 (KHTML, like Gecko) Chrome/68.0.3440.106 Safari/537.36"
Triple Tennis Bracelet,https://www.mydailystyles.com/collections/best-selling/products/asl1336,$42.99,"Mozilla/5.0 (Windows NT 10.0; Win64; x64) AppleWebKit/537.36 (KHTML, like Gecko) Chrome/68.0.3440.106 Safari/537.36"
Elegant Evil Eye Pendant,https://www.mydailystyles.com/collections/best-selling/products/asl457,$29.99,"Mozilla/5.0 (Windows NT 10.0; Win64; x64) AppleWebKit/537.36 (KHTML, like Gecko) Chrome/68.0.3440.106 Safari/537.36"
Sterling Silver Polished Anchor Sideways Pendant Necklace,https://www.mydailystyles.com/collections/best-selling/products/asl461a,$19.99,"Mozilla/5.0 (Windows NT 10.0; Win64; x64) AppleWebKit/537.36 (KHTML, like Gecko) Chrome/68.0.3440.106 Safari/537.36"
Jewish Filigree Pendant Silver,https://www.mydailystyles.com/collections/best-selling/products/asl749,$37.99,"Mozilla/5.0 (Windows NT 10.0; Win64; x64) AppleWebKit/537.36 (KHTML, like Gecko) Chrome/68.0.3440.106 Safari/537.36"
Shining Elephant Pendant,https://www.mydailystyles.com/collections/best-selling/products/asl835,$19.99,"Mozilla/5.0 (Windows NT 10.0; Win64; x64) AppleWebKit/537.36 (KHTML, like Gecko) Chrome/68.0.3440.106 Safari/537.36"
Blue Feet Flip Flop Necklace,https://www.mydailystyles.com/collections/best-selling/products/asl853,$22.99,"Mozilla/5.0 (Windows NT 10.0; Win64; x64) AppleWebKit/537.36 (KHTML, like Gecko) Chrome/68.0.3440.106 Safari/537.36"
Jewish Sh'Ma Pendant,https://www.mydailystyles.com/collections/best-selling/products/asl968,$25.99,"Mozilla/5.0 (Windows NT 10.0; Win64; x64) AppleWebKit/537.36 (KHTML, like Gecko) Chrome/68.0.3440.106 Safari/537.36"
Breast Cancer Pendant,https://www.mydailystyles.com/collections/best-selling/products/asl1002,$19.99,"Mozilla/5.0 (Windows NT 10.0; Win64; x64) AppleWebKit/537.36 (KHTML, like Gecko) Chrome/68.0.3440.106 Safari/537.36"
925 Sterling Silver Yellow Gold-Tone Om Aum Ohm Yoga Pendant Necklace,https://www.mydailystyles.com/collections/best-selling/products/asl1062,$24.99,"Mozilla/5.0 (Windows NT 10.0; Win64; x64) AppleWebKit/537.36 (KHTML, like Gecko) Chrome/68.0.3440.106 Safari/537.36"
Blue Gold Eye Necklace,https://www.mydailystyles.com/collections/best-selling/products/asl1119,$29.99,"Mozilla/5.0 (Windows NT 10.0; Win64; x64) AppleWebKit/537.36 (KHTML, like Gecko) Chrome/68.0.3440.106 Safari/537.36"
Tiny Bee Pendant,https://www.mydailystyles.com/collections/best-selling/products/asl1108,$22.99,"Mozilla/5.0 (Windows NT 10.0; Win64; x64) AppleWebKit/537.36 (KHTML, like Gecko) Chrome/68.0.3440.106 Safari/537.36"
Silver Sphere Anklet,https://www.mydailystyles.com/collections/best-selling/products/asl954,$19.99,"Mozilla/5.0 (Windows NT 10.0; Win64; x64) AppleWebKit/537.36 (KHTML, like Gecko) Chrome/68.0.3440.106 Safari/537.36"
Circle Diamond Cross,https://www.mydailystyles.com/collections/best-selling/products/asl1007,$20.99,"Mozilla/5.0 (Windows NT 10.0; Win64; x64) AppleWebKit/537.36 (KHTML, like Gecko) Chrome/68.0.3440.106 Safari/537.36"
Love You More Pendant,https://www.mydailystyles.com/collections/best-selling/products/asl1044,$19.99,"Mozilla/5.0 (Windows NT 10.0; Win64; x64) AppleWebKit/537.36 (KHTML, like Gecko) Chrome/68.0.3440.106 Safari/537.36"
Opal Infinity Pendant,https://www.mydailystyles.com/collections/best-selling/products/asl1056,$25.99,"Mozilla/5.0 (Windows NT 10.0; Win64; x64) AppleWebKit/537.36 (KHTML, like Gecko) Chrome/68.0.3440.106 Safari/537.36"
Gold Bezel Pendant,https://www.mydailystyles.com/collections/best-selling/products/asl1151,$19.99,"Mozilla/5.0 (Windows NT 10.0; Win64; x64) AppleWebKit/537.36 (KHTML, like Gecko) Chrome/68.0.3440.106 Safari/537.36"
Detailed Dragonfly Necklace,https://www.mydailystyles.com/collections/best-selling/products/asl1187,$25.99,"Mozilla/5.0 (Windows NT 10.0; Win64; x64) AppleWebKit/537.36 (KHTML, like Gecko) Chrome/68.0.3440.106 Safari/537.36"
Geometric Layered Star Pendant,https://www.mydailystyles.com/collections/best-selling/products/asl769,$37.99,"Mozilla/5.0 (Windows NT 10.0; Win64; x64) AppleWebKit/537.36 (KHTML, like Gecko) Chrome/68.0.3440.106 Safari/537.36"
Islam Filigree Pendant,https://www.mydailystyles.com/collections/best-selling/products/asl1189,$25.99,"Mozilla/5.0 (Windows NT 10.0; Win64; x64) AppleWebKit/537.36 (KHTML, like Gecko) Chrome/68.0.3440.106 Safari/537.36"
Fella Cocktail Ring,https://www.mydailystyles.com/collections/best-selling/products/asl1451,$39.99,"Mozilla/5.0 (Windows NT 10.0; Win64; x64) AppleWebKit/537.36 (KHTML, like Gecko) Chrome/68.0.3440.106 Safari/537.36"
Opal Mirror Chai Necklace,https://www.mydailystyles.com/collections/best-selling/products/asl852,$25.99,"Mozilla/5.0 (Windows NT 10.0; Win64; x64) AppleWebKit/537.36 (KHTML, like Gecko) Chrome/68.0.3440.106 Safari/537.36"
Antique Locket Necklace,https://www.mydailystyles.com/collections/best-selling/products/asl1862,$29.99,"Mozilla/5.0 (Windows NT 10.0; Win64; x64) AppleWebKit/537.36 (KHTML, like Gecko) Chrome/68.0.3440.106 Safari/537.36"
Versatile Snow Huggies,https://www.mydailystyles.com/collections/best-selling/products/asl1511,$24.99,"Mozilla/5.0 (Windows NT 10.0; Win64; x64) AppleWebKit/537.36 (KHTML, like Gecko) Chrome/68.0.3440.106 Safari/537.36"
Rose Cross Infinity Pendant,https://www.mydailystyles.com/collections/best-selling/products/asl1104,$24.99,"Mozilla/5.0 (Windows NT 10.0; Win64; x64) AppleWebKit/537.36 (KHTML, like Gecko) Chrome/68.0.3440.106 Safari/537.36"
Marine Slipper Pendant,https://www.mydailystyles.com/collections/best-selling/products/asl653,$29.99,"Mozilla/5.0 (Windows NT 10.0; Win64; x64) AppleWebKit/537.36 (KHTML, like Gecko) Chrome/68.0.3440.106 Safari/537.36"
Best Black Leather Bracelet,https://www.mydailystyles.com/collections/best-selling/products/at1387,$19.99,"Mozilla/5.0 (Windows NT 10.0; Win64; x64) AppleWebKit/537.36 (KHTML, like Gecko) Chrome/68.0.3440.106 Safari/537.36"
Have It All Bracelet,https://www.mydailystyles.com/collections/best-selling/products/ab1803,$19.99,"Mozilla/5.0 (Windows NT 10.0; Win64; x64) AppleWebKit/537.36 (KHTML, like Gecko) Chrome/68.0.3440.106 Safari/537.36"
White Dragonfly Pendant,https://www.mydailystyles.com/collections/best-selling/products/asl1111,$19.99,"Mozilla/5.0 (Windows NT 10.0; Win64; x64) AppleWebKit/537.36 (KHTML, like Gecko) Chrome/68.0.3440.106 Safari/537.36"
Classic Chic Hoops,https://www.mydailystyles.com/collections/best-selling/products/asl1827,$19.99,"Mozilla/5.0 (Windows NT 10.0; Win64; x64) AppleWebKit/537.36 (KHTML, like Gecko) Chrome/68.0.3440.106 Safari/537.36"
Bling Cocktail Ring,https://www.mydailystyles.com/collections/best-selling/products/asl1423,$39.99,"Mozilla/5.0 (Windows NT 10.0; Win64; x64) AppleWebKit/537.36 (KHTML, like Gecko) Chrome/68.0.3440.106 Safari/537.36"
Opal Hamsa Necklace,https://www.mydailystyles.com/collections/best-selling/products/asl1472,$39.99,"Mozilla/5.0 (Windows NT 10.0; Win64; x64) AppleWebKit/537.36 (KHTML, like Gecko) Chrome/68.0.3440.106 Safari/537.36"
Men's Statement Cocktail Ring,https://www.mydailystyles.com/collections/best-selling/products/asl1993,$39.99,"Mozilla/5.0 (Windows NT 10.0; Win64; x64) AppleWebKit/537.36 (KHTML, like Gecko) Chrome/68.0.3440.106 Safari/537.36"
Diamond Elephant Pendant,https://www.mydailystyles.com/collections/best-selling/products/asl419,$27.99,"Mozilla/5.0 (Windows NT 10.0; Win64; x64) AppleWebKit/537.36 (KHTML, like Gecko) Chrome/68.0.3440.106 Safari/537.36"
925 Sterling Silver Rose Gold-Tone Om Aum Ohm Yoga Pendant Necklace,https://www.mydailystyles.com/collections/best-selling/products/copy-of-925-sterling-silver-yellow-gold-tone-om-aum-ohm-yoga-pendant-necklace-1,$24.99,"Mozilla/5.0 (Windows NT 10.0; Win64; x64) AppleWebKit/537.36 (KHTML, like Gecko) Chrome/68.0.3440.106 Safari/537.36"
Black Two-Sided Evil Eye,https://www.mydailystyles.com/collections/best-selling/products/asl826,$17.99,"Mozilla/5.0 (Windows NT 10.0; Win64; x64) AppleWebKit/537.36 (KHTML, like Gecko) Chrome/68.0.3440.106 Safari/537.36"
Turquoise Aztec Drops,https://www.mydailystyles.com/collections/best-selling/products/asl996,$31.99,"Mozilla/5.0 (Windows NT 10.0; Win64; x64) AppleWebKit/537.36 (KHTML, like Gecko) Chrome/68.0.3440.106 Safari/537.36"
Diamond Silver Huggies,https://www.mydailystyles.com/collections/best-selling/products/ab689,$14.99,"Mozilla/5.0 (Windows NT 10.0; Win64; x64) AppleWebKit/537.36 (KHTML, like Gecko) Chrome/68.0.3440.106 Safari/537.36"
Gold Tear Up Pendant,https://www.mydailystyles.com/collections/best-selling/products/asl1234,$25.99,"Mozilla/5.0 (Windows NT 10.0; Win64; x64) AppleWebKit/537.36 (KHTML, like Gecko) Chrome/68.0.3440.106 Safari/537.36"
Crown Hamsa Pendant,https://www.mydailystyles.com/collections/best-selling/products/asl317,$29.99,"Mozilla/5.0 (Windows NT 10.0; Win64; x64) AppleWebKit/537.36 (KHTML, like Gecko) Chrome/68.0.3440.106 Safari/537.36"
Butterfly Silver Anklet,https://www.mydailystyles.com/collections/best-selling/products/asl1389,$19.99,"Mozilla/5.0 (Windows NT 10.0; Win64; x64) AppleWebKit/537.36 (KHTML, like Gecko) Chrome/68.0.3440.106 Safari/537.36"
Yellow Cross Silver Huggie Hoops,https://www.mydailystyles.com/collections/best-selling/products/asl2090,$29.99,"Mozilla/5.0 (Windows NT 10.0; Win64; x64) AppleWebKit/537.36 (KHTML, like Gecko) Chrome/68.0.3440.106 Safari/537.36"
Rose Cross Huggie Hoops,https://www.mydailystyles.com/collections/best-selling/products/asl2089,$29.99,"Mozilla/5.0 (Windows NT 10.0; Win64; x64) AppleWebKit/537.36 (KHTML, like Gecko) Chrome/68.0.3440.106 Safari/537.36"
Rose Gold-Tone Eye Necklace,https://www.mydailystyles.com/collections/best-selling/products/asl2088,$29.99,"Mozilla/5.0 (Windows NT 10.0; Win64; x64) AppleWebKit/537.36 (KHTML, like Gecko) Chrome/68.0.3440.106 Safari/537.36"
Rose Gold-Tone Sterling Silver Triangle Pendant,https://www.mydailystyles.com/collections/best-selling/products/asl2086,$15.99,"Mozilla/5.0 (Windows NT 10.0; Win64; x64) AppleWebKit/537.36 (KHTML, like Gecko) Chrome/68.0.3440.106 Safari/537.36"
Yellow Star of David Pendant,https://www.mydailystyles.com/collections/best-selling/products/asl2085,$19.99,"Mozilla/5.0 (Windows NT 10.0; Win64; x64) AppleWebKit/537.36 (KHTML, like Gecko) Chrome/68.0.3440.106 Safari/537.36"
Star of David Pendant,https://www.mydailystyles.com/collections/best-selling/products/asl2084,$19.99,"Mozilla/5.0 (Windows NT 10.0; Win64; x64) AppleWebKit/537.36 (KHTML, like Gecko) Chrome/68.0.3440.106 Safari/537.36"
Rose Gold-Tone Sterling Silver Flip Flop Tropic Pendant,https://www.mydailystyles.com/collections/best-selling/products/asl2083,$19.99,"Mozilla/5.0 (Windows NT 10.0; Win64; x64) AppleWebKit/537.36 (KHTML, like Gecko) Chrome/68.0.3440.106 Safari/537.36"
Yellow Gold-Tone Sterling Silver Triangle Pendant,https://www.mydailystyles.com/collections/best-selling/products/asl2082,$15.99,"Mozilla/5.0 (Windows NT 10.0; Win64; x64) AppleWebKit/537.36 (KHTML, like Gecko) Chrome/68.0.3440.106 Safari/537.36"
Yellow Gold-Tone Sterling Silver Flip Flop Tropic Pendant,https://www.mydailystyles.com/collections/best-selling/products/asl2081,$19.99,"Mozilla/5.0 (Windows NT 10.0; Win64; x64) AppleWebKit/537.36 (KHTML, like Gecko) Chrome/68.0.3440.106 Safari/537.36"
More Music Pendant,https://www.mydailystyles.com/collections/best-selling/products/asl706,$24.99,"Mozilla/5.0 (Windows NT 10.0; Win64; x64) AppleWebKit/537.36 (KHTML, like Gecko) Chrome/68.0.3440.106 Safari/537.36"
Crystal Eternal Circle,https://www.mydailystyles.com/collections/best-selling/products/ab447,$19.99,"Mozilla/5.0 (Windows NT 10.0; Win64; x64) AppleWebKit/537.36 (KHTML, like Gecko) Chrome/68.0.3440.106 Safari/537.36"
Showstopping Drop Earrings,https://www.mydailystyles.com/collections/best-selling/products/asl1588,$19.99,"Mozilla/5.0 (Windows NT 10.0; Win64; x64) AppleWebKit/537.36 (KHTML, like Gecko) Chrome/68.0.3440.106 Safari/537.36"
925 Sterling Silver Womens Sideways Religious Triple Cross Chain Necklace,https://www.mydailystyles.com/collections/best-selling/products/asl118,$19.99,"Mozilla/5.0 (Windows NT 10.0; Win64; x64) AppleWebKit/537.36 (KHTML, like Gecko) Chrome/68.0.3440.106 Safari/537.36"
Teardrop Hoop Earrings,https://www.mydailystyles.com/collections/best-selling/products/asl1730,$24.99,"Mozilla/5.0 (Windows NT 10.0; Win64; x64) AppleWebKit/537.36 (KHTML, like Gecko) Chrome/68.0.3440.106 Safari/537.36"
Crescent Moon Stud Earrings,https://www.mydailystyles.com/collections/best-selling/products/asl1736,$19.99,"Mozilla/5.0 (Windows NT 10.0; Win64; x64) AppleWebKit/537.36 (KHTML, like Gecko) Chrome/68.0.3440.106 Safari/537.36"
Sunshine Cross Necklace,https://www.mydailystyles.com/collections/best-selling/products/asl1778,$19.99,"Mozilla/5.0 (Windows NT 10.0; Win64; x64) AppleWebKit/537.36 (KHTML, like Gecko) Chrome/68.0.3440.106 Safari/537.36"
Rosey Butterfly Hoops,https://www.mydailystyles.com/collections/best-selling/products/asl1753,$19.99,"Mozilla/5.0 (Windows NT 10.0; Win64; x64) AppleWebKit/537.36 (KHTML, like Gecko) Chrome/68.0.3440.106 Safari/537.36"
Yellow Anchor Pendant,https://www.mydailystyles.com/collections/best-selling/products/asl1547,$19.99,"Mozilla/5.0 (Windows NT 10.0; Win64; x64) AppleWebKit/537.36 (KHTML, like Gecko) Chrome/68.0.3440.106 Safari/537.36"
Silver Cross Jewelry Set,https://www.mydailystyles.com/collections/best-selling/products/asl1543,$29.99,"Mozilla/5.0 (Windows NT 10.0; Win64; x64) AppleWebKit/537.36 (KHTML, like Gecko) Chrome/68.0.3440.106 Safari/537.36"
Rose Spider Pendant,https://www.mydailystyles.com/collections/best-selling/products/asl1538,$24.99,"Mozilla/5.0 (Windows NT 10.0; Win64; x64) AppleWebKit/537.36 (KHTML, like Gecko) Chrome/68.0.3440.106 Safari/537.36"
Angel Wings Jewelry Package,https://www.mydailystyles.com/collections/best-selling/products/asl1534,$29.99,"Mozilla/5.0 (Windows NT 10.0; Win64; x64) AppleWebKit/537.36 (KHTML, like Gecko) Chrome/68.0.3440.106 Safari/537.36"
Check List Earrings,https://www.mydailystyles.com/collections/best-selling/products/asl1520,$19.99,"Mozilla/5.0 (Windows NT 10.0; Win64; x64) AppleWebKit/537.36 (KHTML, like Gecko) Chrome/68.0.3440.106 Safari/537.36"
Short Infinity Huggies,https://www.mydailystyles.com/collections/best-selling/products/asl339,$15.99,"Mozilla/5.0 (Windows NT 10.0; Win64; x64) AppleWebKit/537.36 (KHTML, like Gecko) Chrome/68.0.3440.106 Safari/537.36"
Amethyst Drop Stud Set,https://www.mydailystyles.com/collections/best-selling/products/ag0027,$54.99,"Mozilla/5.0 (Windows NT 10.0; Win64; x64) AppleWebKit/537.36 (KHTML, like Gecko) Chrome/68.0.3440.106 Safari/537.36"
Hidden Heart Studs,https://www.mydailystyles.com/collections/best-selling/products/ag0020,$54.99,"Mozilla/5.0 (Windows NT 10.0; Win64; x64) AppleWebKit/537.36 (KHTML, like Gecko) Chrome/68.0.3440.106 Safari/537.36"
Virgin Mary Stud Earrings,https://www.mydailystyles.com/collections/best-selling/products/ag0016,$54.99,"Mozilla/5.0 (Windows NT 10.0; Win64; x64) AppleWebKit/537.36 (KHTML, like Gecko) Chrome/68.0.3440.106 Safari/537.36"
Pink Design Heart Studs,https://www.mydailystyles.com/collections/best-selling/products/ag0053,$44.99,"Mozilla/5.0 (Windows NT 10.0; Win64; x64) AppleWebKit/537.36 (KHTML, like Gecko) Chrome/68.0.3440.106 Safari/537.36"
Amethyst Princess Drop Earrings,https://www.mydailystyles.com/collections/best-selling/products/ag0043,$39.99,"Mozilla/5.0 (Windows NT 10.0; Win64; x64) AppleWebKit/537.36 (KHTML, like Gecko) Chrome/68.0.3440.106 Safari/537.36"
Pink Spring Flower Hoops,https://www.mydailystyles.com/collections/best-selling/products/asl1880,$19.99,"Mozilla/5.0 (Windows NT 10.0; Win64; x64) AppleWebKit/537.36 (KHTML, like Gecko) Chrome/68.0.3440.106 Safari/537.36"
Have It All Bracelet,https://www.mydailystyles.com/collections/best-selling/products/asl1452,$14.99,"Mozilla/5.0 (Windows NT 10.0; Win64; x64) AppleWebKit/537.36 (KHTML, like Gecko) Chrome/68.0.3440.106 Safari/537.36"
Sideways Opal Cross,https://www.mydailystyles.com/collections/best-selling/products/asl1058,$25.99,"Mozilla/5.0 (Windows NT 10.0; Win64; x64) AppleWebKit/537.36 (KHTML, like Gecko) Chrome/68.0.3440.106 Safari/537.36"
Flip Flop Tropic Pendant,https://www.mydailystyles.com/collections/best-selling/products/asl848,$19.99,"Mozilla/5.0 (Windows NT 10.0; Win64; x64) AppleWebKit/537.36 (KHTML, like Gecko) Chrome/68.0.3440.106 Safari/537.36"
Genuine Pearl Filigree Heart,https://www.mydailystyles.com/collections/best-selling/products/asl839,$29.99,"Mozilla/5.0 (Windows NT 10.0; Win64; x64) AppleWebKit/537.36 (KHTML, like Gecko) Chrome/68.0.3440.106 Safari/537.36"
Regal Hamsa Pendant,https://www.mydailystyles.com/collections/best-selling/products/asl315,$24.99,"Mozilla/5.0 (Windows NT 10.0; Win64; x64) AppleWebKit/537.36 (KHTML, like Gecko) Chrome/68.0.3440.106 Safari/537.36"
Boys Star Pendant,https://www.mydailystyles.com/collections/best-selling/products/asl1437,$39.99,"Mozilla/5.0 (Windows NT 10.0; Win64; x64) AppleWebKit/537.36 (KHTML, like Gecko) Chrome/68.0.3440.106 Safari/537.36"
Gold Razor Pendant,https://www.mydailystyles.com/collections/best-selling/products/asl1284,$19.99,"Mozilla/5.0 (Windows NT 10.0; Win64; x64) AppleWebKit/537.36 (KHTML, like Gecko) Chrome/68.0.3440.106 Safari/537.36"
Crab Opal Pendant,https://www.mydailystyles.com/collections/best-selling/products/asl1334,$25.99,"Mozilla/5.0 (Windows NT 10.0; Win64; x64) AppleWebKit/537.36 (KHTML, like Gecko) Chrome/68.0.3440.106 Safari/537.36"
Crescent Moon Jewelry Set,https://www.mydailystyles.com/collections/best-selling/products/asl1874,$24.99,"Mozilla/5.0 (Windows NT 10.0; Win64; x64) AppleWebKit/537.36 (KHTML, like Gecko) Chrome/68.0.3440.106 Safari/537.36"
Square Men's Earrings,https://www.mydailystyles.com/collections/best-selling/products/asl1895,$24.99,"Mozilla/5.0 (Windows NT 10.0; Win64; x64) AppleWebKit/537.36 (KHTML, like Gecko) Chrome/68.0.3440.106 Safari/537.36"
Sterling Men's Earrings,https://www.mydailystyles.com/collections/best-selling/products/asl1894,$24.99,"Mozilla/5.0 (Windows NT 10.0; Win64; x64) AppleWebKit/537.36 (KHTML, like Gecko) Chrome/68.0.3440.106 Safari/537.36"
King Men's Earrings,https://www.mydailystyles.com/collections/best-selling/products/asl1888,$19.99,"Mozilla/5.0 (Windows NT 10.0; Win64; x64) AppleWebKit/537.36 (KHTML, like Gecko) Chrome/68.0.3440.106 Safari/537.36"
Polished Men's Earrings,https://www.mydailystyles.com/collections/best-selling/products/asl1887,$19.99,"Mozilla/5.0 (Windows NT 10.0; Win64; x64) AppleWebKit/537.36 (KHTML, like Gecko) Chrome/68.0.3440.106 Safari/537.36"
Bling Men's Earrings,https://www.mydailystyles.com/collections/best-selling/products/asl1885,$19.99,"Mozilla/5.0 (Windows NT 10.0; Win64; x64) AppleWebKit/537.36 (KHTML, like Gecko) Chrome/68.0.3440.106 Safari/537.36"
Diamond Men's Earrings,https://www.mydailystyles.com/collections/best-selling/products/asl1884,$19.99,"Mozilla/5.0 (Windows NT 10.0; Win64; x64) AppleWebKit/537.36 (KHTML, like Gecko) Chrome/68.0.3440.106 Safari/537.36"
Blue and Silver Bezel Bracelet,https://www.mydailystyles.com/collections/best-selling/products/asl1712,$59.99,"Mozilla/5.0 (Windows NT 10.0; Win64; x64) AppleWebKit/537.36 (KHTML, like Gecko) Chrome/68.0.3440.106 Safari/537.36"
Butterfly Horseshoe Pendant,https://www.mydailystyles.com/collections/best-selling/products/asl1581,$22.99,"Mozilla/5.0 (Windows NT 10.0; Win64; x64) AppleWebKit/537.36 (KHTML, like Gecko) Chrome/68.0.3440.106 Safari/537.36"
Hopeful Love Dangles,https://www.mydailystyles.com/collections/best-selling/products/asl1571,$16.99,"Mozilla/5.0 (Windows NT 10.0; Win64; x64) AppleWebKit/537.36 (KHTML, like Gecko) Chrome/68.0.3440.106 Safari/537.36"
Silver Dragonfly Set,https://www.mydailystyles.com/collections/best-selling/products/asl1601,$24.99,"Mozilla/5.0 (Windows NT 10.0; Win64; x64) AppleWebKit/537.36 (KHTML, like Gecko) Chrome/68.0.3440.106 Safari/537.36"
Gold Tower Pendant,https://www.mydailystyles.com/collections/best-selling/products/asl1136,$29.99,"Mozilla/5.0 (Windows NT 10.0; Win64; x64) AppleWebKit/537.36 (KHTML, like Gecko) Chrome/68.0.3440.106 Safari/537.36"
925 Sterling Silver Rose Gold-Tone Butterfly Pendant Necklace Stud Earrings Jewelry Set,https://www.mydailystyles.com/collections/best-selling/products/asl1946,$19.99,"Mozilla/5.0 (Windows NT 10.0; Win64; x64) AppleWebKit/537.36 (KHTML, like Gecko) Chrome/68.0.3440.106 Safari/537.36"
"925 Sterling Silver Rose Gold-Tone Blue Opal Religious Cross Pendant Necklace, 18""",https://www.mydailystyles.com/collections/best-selling/products/asl1951,$39.99,"Mozilla/5.0 (Windows NT 10.0; Win64; x64) AppleWebKit/537.36 (KHTML, like Gecko) Chrome/68.0.3440.106 Safari/537.36"
925 Sterling Silver Rose Gold-Tone Star of David Necklace Pendant,https://www.mydailystyles.com/collections/best-selling/products/asl1960,$29.99,"Mozilla/5.0 (Windows NT 10.0; Win64; x64) AppleWebKit/537.36 (KHTML, like Gecko) Chrome/68.0.3440.106 Safari/537.36"
Sterling Silver double dolphin simulated opal necklace pendant.,https://www.mydailystyles.com/collections/best-selling/products/asl1958,$29.99,"Mozilla/5.0 (Windows NT 10.0; Win64; x64) AppleWebKit/537.36 (KHTML, like Gecko) Chrome/68.0.3440.106 Safari/537.36"
Silver Bezel Bracelet,https://www.mydailystyles.com/collections/best-selling/products/asl076,$49.99,"Mozilla/5.0 (Windows NT 10.0; Win64; x64) AppleWebKit/537.36 (KHTML, like Gecko) Chrome/68.0.3440.106 Safari/537.36"
Small Star Pendant,https://www.mydailystyles.com/collections/best-selling/products/asl182,$20.99,"Mozilla/5.0 (Windows NT 10.0; Win64; x64) AppleWebKit/537.36 (KHTML, like Gecko) Chrome/68.0.3440.106 Safari/537.36"
White Bezel-Set CZ Hamsa Evil Eye Protection Tennis Bracelet,https://www.mydailystyles.com/collections/best-selling/products/asl1280,$82.99,"Mozilla/5.0 (Windows NT 10.0; Win64; x64) AppleWebKit/537.36 (KHTML, like Gecko) Chrome/68.0.3440.106 Safari/537.36"
Duo Dream Bracelet,https://www.mydailystyles.com/collections/best-selling/products/asl1468,$49.99,"Mozilla/5.0 (Windows NT 10.0; Win64; x64) AppleWebKit/537.36 (KHTML, like Gecko) Chrome/68.0.3440.106 Safari/537.36"
Blue Amulet Studs,https://www.mydailystyles.com/collections/best-selling/products/asl161,$19.99,"Mozilla/5.0 (Windows NT 10.0; Win64; x64) AppleWebKit/537.36 (KHTML, like Gecko) Chrome/68.0.3440.106 Safari/537.36"
Pure Hamsa Pendant,https://www.mydailystyles.com/collections/best-selling/products/asl416,$27.99,"Mozilla/5.0 (Windows NT 10.0; Win64; x64) AppleWebKit/537.36 (KHTML, like Gecko) Chrome/68.0.3440.106 Safari/537.36"
Classic White CZ Tennis Bracelet,https://www.mydailystyles.com/collections/best-selling/products/asl347,$59.99,"Mozilla/5.0 (Windows NT 10.0; Win64; x64) AppleWebKit/537.36 (KHTML, like Gecko) Chrome/68.0.3440.106 Safari/537.36"
Emerald Stone Earrings,https://www.mydailystyles.com/collections/best-selling/products/asl1691,$24.99,"Mozilla/5.0 (Windows NT 10.0; Win64; x64) AppleWebKit/537.36 (KHTML, like Gecko) Chrome/68.0.3440.106 Safari/537.36"
Opal Sky Star Pendant,https://www.mydailystyles.com/collections/best-selling/products/asl643,$37.99,"Mozilla/5.0 (Windows NT 10.0; Win64; x64) AppleWebKit/537.36 (KHTML, like Gecko) Chrome/68.0.3440.106 Safari/537.36"
Sterling Breast Cancer Awareness Chain,https://www.mydailystyles.com/collections/best-selling/products/asl750,$19.99,"Mozilla/5.0 (Windows NT 10.0; Win64; x64) AppleWebKit/537.36 (KHTML, like Gecko) Chrome/68.0.3440.106 Safari/537.36"
Jewish Filigree Pendant,https://www.mydailystyles.com/collections/best-selling/products/asl748,$37.99,"Mozilla/5.0 (Windows NT 10.0; Win64; x64) AppleWebKit/537.36 (KHTML, like Gecko) Chrome/68.0.3440.106 Safari/537.36"
White Blue Bezel-Set CZ Evil Eye Womens Tennis-Bracelet,https://www.mydailystyles.com/collections/best-selling/products/asl776,$79.99,"Mozilla/5.0 (Windows NT 10.0; Win64; x64) AppleWebKit/537.36 (KHTML, like Gecko) Chrome/68.0.3440.106 Safari/537.36"
Layered Gold Star Pendant,https://www.mydailystyles.com/collections/best-selling/products/asl881,$22.99,"Mozilla/5.0 (Windows NT 10.0; Win64; x64) AppleWebKit/537.36 (KHTML, like Gecko) Chrome/68.0.3440.106 Safari/537.36"
Turquoise Octopus Pendant,https://www.mydailystyles.com/collections/best-selling/products/asl971,$17.99,"Mozilla/5.0 (Windows NT 10.0; Win64; x64) AppleWebKit/537.36 (KHTML, like Gecko) Chrome/68.0.3440.106 Safari/537.36"
Star Heart Duo Pendant,https://www.mydailystyles.com/collections/best-selling/products/asl1102,$19.99,"Mozilla/5.0 (Windows NT 10.0; Win64; x64) AppleWebKit/537.36 (KHTML, like Gecko) Chrome/68.0.3440.106 Safari/537.36"
Silver Hamsa Star,https://www.mydailystyles.com/collections/best-selling/products/asl953,$31.99,"Mozilla/5.0 (Windows NT 10.0; Win64; x64) AppleWebKit/537.36 (KHTML, like Gecko) Chrome/68.0.3440.106 Safari/537.36"
Green Turtle Studs,https://www.mydailystyles.com/collections/best-selling/products/asl994,$19.99,"Mozilla/5.0 (Windows NT 10.0; Win64; x64) AppleWebKit/537.36 (KHTML, like Gecko) Chrome/68.0.3440.106 Safari/537.36"
"925 Sterling Silver White Clear CZ Hoop Huggie Earrings, 0.60""",https://www.mydailystyles.com/collections/best-selling/products/asl1941,$22.99,"Mozilla/5.0 (Windows NT 10.0; Win64; x64) AppleWebKit/537.36 (KHTML, like Gecko) Chrome/68.0.3440.106 Safari/537.36"
"925 Sterling Silver White Clear CZ Cut-Out Elephant Charm Pendant Necklace, 18""",https://www.mydailystyles.com/collections/best-selling/products/asl1944,$19.99,"Mozilla/5.0 (Windows NT 10.0; Win64; x64) AppleWebKit/537.36 (KHTML, like Gecko) Chrome/68.0.3440.106 Safari/537.36"
Elephant Charm Necklace,https://www.mydailystyles.com/collections/best-selling/products/asl1046,$25.99,"Mozilla/5.0 (Windows NT 10.0; Win64; x64) AppleWebKit/537.36 (KHTML, like Gecko) Chrome/68.0.3440.106 Safari/537.36"
Multi Diamond Star Studs,https://www.mydailystyles.com/collections/best-selling/products/asl1149,$22.99,"Mozilla/5.0 (Windows NT 10.0; Win64; x64) AppleWebKit/537.36 (KHTML, like Gecko) Chrome/68.0.3440.106 Safari/537.36"
White Dragonfly Necklace,https://www.mydailystyles.com/collections/best-selling/products/asl1178,$25.99,"Mozilla/5.0 (Windows NT 10.0; Win64; x64) AppleWebKit/537.36 (KHTML, like Gecko) Chrome/68.0.3440.106 Safari/537.36"
"925 Sterling Silver Yellow Gold-Tone Blue Black CZ Evil Eye Tear Pendant Necklace, 18""",https://www.mydailystyles.com/collections/best-selling/products/asl1233,$25.99,"Mozilla/5.0 (Windows NT 10.0; Win64; x64) AppleWebKit/537.36 (KHTML, like Gecko) Chrome/68.0.3440.106 Safari/537.36"
Capricorn Zodiac Pendant,https://www.mydailystyles.com/collections/best-selling/products/asl1309,$19.99,"Mozilla/5.0 (Windows NT 10.0; Win64; x64) AppleWebKit/537.36 (KHTML, like Gecko) Chrome/68.0.3440.106 Safari/537.36"
Sterling Eye Pendant,https://www.mydailystyles.com/collections/best-selling/products/asl1239,$19.99,"Mozilla/5.0 (Windows NT 10.0; Win64; x64) AppleWebKit/537.36 (KHTML, like Gecko) Chrome/68.0.3440.106 Safari/537.36"
Statement Locket Necklace,https://www.mydailystyles.com/collections/best-selling/products/asl1861,$29.99,"Mozilla/5.0 (Windows NT 10.0; Win64; x64) AppleWebKit/537.36 (KHTML, like Gecko) Chrome/68.0.3440.106 Safari/537.36"
Bar Baguette Necklace,https://www.mydailystyles.com/collections/best-selling/products/asl1788,$19.99,"Mozilla/5.0 (Windows NT 10.0; Win64; x64) AppleWebKit/537.36 (KHTML, like Gecko) Chrome/68.0.3440.106 Safari/537.36"
Baguette Bar Necklace,https://www.mydailystyles.com/collections/best-selling/products/asl1787,$19.99,"Mozilla/5.0 (Windows NT 10.0; Win64; x64) AppleWebKit/537.36 (KHTML, like Gecko) Chrome/68.0.3440.106 Safari/537.36"
Egyptian Triangle Pendant,https://www.mydailystyles.com/collections/best-selling/products/asl333,$15.99,"Mozilla/5.0 (Windows NT 10.0; Win64; x64) AppleWebKit/537.36 (KHTML, like Gecko) Chrome/68.0.3440.106 Safari/537.36"
